T(P=0.1MPa),V(P=0.1MPa),T(P=10MPa),V(P=10MPa),T(P=500MPa),V(P=500MPa)
273.16,0.0010002,273.16,0.0009952,273.16,0.00086064
276.04,0.001,276.04,0.00099518,276.04,0.00086167
278.92,0.0010001,278.92,0.00099528,278.92,0.00086273
281.79,0.0010002,281.79,0.0009955,281.79,0.00086379
284.67,0.0010004,284.67,0.00099582,284.67,0.00086487
287.55,0.0010008,287.55,0.00099624,287.55,0.00086595
290.43,0.0010013,290.43,0.00099675,290.43,0.00086705
293.31,0.0010018,293.31,0.00099735,293.31,0.00086814
296.18,0.0010025,296.18,0.00099803,296.18,0.00086925
299.06,0.0010032,299.06,0.00099878,299.06,0.00087035
301.94,0.001004,301.94,0.00099961,301.94,0.00087146
304.82,0.0010049,304.82,0.0010005,304.82,0.00087258
307.7,0.0010058,307.7,0.0010015,307.7,0.0008737
310.57,0.0010069,310.57,0.0010025,310.57,0.00087482
313.45,0.001008,313.45,0.0010036,313.45,0.00087594
316.33,0.0010091,316.33,0.0010048,316.33,0.00087707
319.21,0.0010103,319.21,0.001006,319.21,0.0008782
322.09,0.0010116,322.09,0.0010073,322.09,0.00087933
324.97,0.001013,324.97,0.0010086,324.97,0.00088047
327.84,0.0010144,327.84,0.00101,327.84,0.00088161
330.72,0.0010158,330.72,0.0010114,330.72,0.00088275
333.6,0.0010173,333.6,0.0010129,333.6,0.0008839
336.48,0.0010189,336.48,0.0010145,336.48,0.00088506
339.36,0.0010205,339.36,0.0010161,339.36,0.00088621
342.23,0.0010222,342.23,0.0010177,342.23,0.00088738
345.11,0.0010239,345.11,0.0010194,345.11,0.00088855
347.99,0.0010257,347.99,0.0010212,347.99,0.00088972
350.87,0.0010275,350.87,0.0010229,350.87,0.0008909
353.75,0.0010294,353.75,0.0010248,353.75,0.00089208
356.62,0.0010314,356.62,0.0010267,356.62,0.00089327
359.5,0.0010333,359.5,0.0010286,359.5,0.00089447
362.38,0.0010354,362.38,0.0010306,362.38,0.00089567
365.26,0.0010375,365.26,0.0010327,365.26,0.00089688
368.14,0.0010396,368.14,0.0010347,368.14,0.0008981
371.01,0.0010418,371.01,0.0010369,371.01,0.00089932
372.76,0.0010432,373.89,0.0010391,373.89,0.00090055
372.76,1.6939,376.77,0.0010413,376.77,0.00090179
373.89,1.6995,379.65,0.0010436,379.65,0.00090303
376.77,1.7136,382.53,0.0010459,382.53,0.00090429
379.65,1.7277,385.4,0.0010483,385.4,0.00090554
382.53,1.7417,388.28,0.0010507,388.28,0.00090681
385.4,1.7557,391.16,0.0010532,391.16,0.00090808
388.28,1.7696,394.04,0.0010557,394.04,0.00090937
391.16,1.7836,396.92,0.0010583,396.92,0.00091066
394.04,1.7974,399.79,0.0010609,399.79,0.00091195
396.92,1.8113,402.67,0.0010636,402.67,0.00091326
399.79,1.8251,405.55,0.0010663,405.55,0.00091457
402.67,1.839,408.43,0.0010691,408.43,0.00091589
405.55,1.8527,411.31,0.0010719,411.31,0.00091722
408.43,1.8665,414.19,0.0010748,414.19,0.00091855
411.31,1.8803,417.06,0.0010778,417.06,0.0009199
414.19,1.894,419.94,0.0010808,419.94,0.00092125
417.06,1.9077,422.82,0.0010839,422.82,0.00092261
419.94,1.9214,425.7,0.001087,425.7,0.00092398
422.82,1.9351,428.58,0.0010902,428.58,0.00092535
425.7,1.9487,431.45,0.0010934,431.45,0.00092674
428.58,1.9624,434.33,0.0010967,434.33,0.00092813
431.45,1.976,437.21,0.0011001,437.21,0.00092953
434.33,1.9897,440.09,0.0011035,440.09,0.00093094
437.21,2.0033,442.97,0.001107,442.97,0.00093235
440.09,2.0169,445.84,0.0011106,445.84,0.00093378
442.97,2.0305,448.72,0.0011142,448.72,0.00093521
445.84,2.044,451.6,0.0011179,451.6,0.00093665
448.72,2.0576,454.48,0.0011217,454.48,0.0009381
451.6,2.0712,457.36,0.0011256,457.36,0.00093956
454.48,2.0847,460.23,0.0011295,460.23,0.00094102
457.36,2.0983,463.11,0.0011335,463.11,0.0009425
460.23,2.1118,465.99,0.0011376,465.99,0.00094398
463.11,2.1253,468.87,0.0011418,468.87,0.00094547
465.99,2.1388,471.75,0.0011461,471.75,0.00094696
468.87,2.1523,474.62,0.0011504,474.62,0.00094847
471.75,2.1658,477.5,0.0011549,477.5,0.00094998
474.62,2.1793,480.38,0.0011594,480.38,0.00095151
477.5,2.1928,483.26,0.0011641,483.26,0.00095304
480.38,2.2063,486.14,0.0011688,486.14,0.00095457
483.26,2.2198,489.01,0.0011737,489.01,0.00095612
486.14,2.2333,491.89,0.0011787,491.89,0.00095768
489.01,2.2467,494.77,0.0011837,494.77,0.00095924
491.89,2.2602,497.65,0.0011889,497.65,0.00096081
494.77,2.2737,500.53,0.0011943,500.53,0.00096239
497.65,2.2871,503.41,0.0011997,503.41,0.00096397
500.53,2.3006,506.28,0.0012053,506.28,0.00096557
503.41,2.314,509.16,0.001211,509.16,0.00096717
506.28,2.3275,512.04,0.0012169,512.04,0.00096878
509.16,2.3409,514.92,0.001223,514.92,0.0009704
512.04,2.3543,517.8,0.0012292,517.8,0.00097203
514.92,2.3678,520.67,0.0012355,520.67,0.00097367
517.8,2.3812,523.55,0.0012421,523.55,0.00097531
520.67,2.3946,526.43,0.0012488,526.43,0.00097696
523.55,2.408,529.31,0.0012557,529.31,0.00097862
526.43,2.4214,532.19,0.0012629,532.19,0.00098029
529.31,2.4349,535.06,0.0012703,535.06,0.00098197
532.19,2.4483,537.94,0.0012779,537.94,0.00098365
535.06,2.4617,540.82,0.0012857,540.82,0.00098534
537.94,2.4751,543.7,0.0012938,543.7,0.00098704
540.82,2.4885,546.58,0.0013022,546.58,0.00098875
543.7,2.5019,549.45,0.001311,549.45,0.00099047
546.58,2.5153,552.33,0.00132,552.33,0.00099219
549.45,2.5287,555.21,0.0013294,555.21,0.00099393
552.33,2.5421,558.09,0.0013392,558.09,0.00099567
555.21,2.5554,560.97,0.0013494,560.97,0.00099742
558.09,2.5688,563.84,0.00136,563.84,0.00099918
560.97,2.5822,566.72,0.0013711,566.72,0.0010009
563.84,2.5956,569.6,0.0013828,569.6,0.0010027
566.72,2.609,572.48,0.0013951,572.48,0.0010045
569.6,2.6224,575.36,0.001408,575.36,0.0010063
572.48,2.6357,578.24,0.0014217,578.24,0.0010081
575.36,2.6491,581.11,0.0014362,581.11,0.0010099
578.24,2.6625,583.99,0.0014517,583.99,0.0010117
581.11,2.6758,584.15,0.0014526,584.15,0.0010135
583.99,2.6892,584.15,0.01803,584.15,0.0010154
586.87,2.7026,586.87,0.01843,586.87,0.0010172
589.75,2.7159,589.75,0.018828,589.75,0.001019
592.63,2.7293,592.63,0.019203,592.63,0.0010209
595.5,2.7427,595.5,0.019562,595.5,0.0010228
598.38,2.756,598.38,0.019904,598.38,0.0010246
601.26,2.7694,601.26,0.020234,601.26,0.0010265
604.14,2.7827,604.14,0.020552,604.14,0.0010284
607.02,2.7961,607.02,0.02086,607.02,0.0010303
609.89,2.8095,609.89,0.021159,609.89,0.0010322
612.77,2.8228,612.77,0.02145,612.77,0.0010341
615.65,2.8362,615.65,0.021733,615.65,0.001036
618.53,2.8495,618.53,0.022009,618.53,0.001038
621.41,2.8629,621.41,0.022279,621.41,0.0010399
624.28,2.8762,624.28,0.022543,624.28,0.0010418
627.16,2.8896,627.16,0.022802,627.16,0.0010438
630.04,2.9029,630.04,0.023056,630.04,0.0010458
632.92,2.9162,632.92,0.023305,632.92,0.0010477
635.8,2.9296,635.8,0.02355,635.8,0.0010497
638.67,2.9429,638.67,0.023791,638.67,0.0010517
641.55,2.9563,641.55,0.024028,641.55,0.0010537
644.43,2.9696,644.43,0.024262,644.43,0.0010557
647.31,2.983,647.31,0.024492,647.31,0.0010577
650.19,2.9963,650.19,0.024719,650.19,0.0010597
653.06,3.0096,653.06,0.024943,653.06,0.0010618
655.94,3.023,655.94,0.025164,655.94,0.0010638
658.82,3.0363,658.82,0.025383,658.82,0.0010658
661.7,3.0496,661.7,0.025599,661.7,0.0010679
664.58,3.063,664.58,0.025813,664.58,0.00107
667.46,3.0763,667.46,0.026024,667.46,0.001072
670.33,3.0896,670.33,0.026234,670.33,0.0010741
673.21,3.103,673.21,0.026441,673.21,0.0010762
676.09,3.1163,676.09,0.026646,676.09,0.0010783
678.97,3.1296,678.97,0.026849,678.97,0.0010804
681.85,3.143,681.85,0.027051,681.85,0.0010825
684.72,3.1563,684.72,0.027251,684.72,0.0010846
687.6,3.1696,687.6,0.027449,687.6,0.0010867
690.48,3.183,690.48,0.027645,690.48,0.0010889
693.36,3.1963,693.36,0.02784,693.36,0.001091
696.24,3.2096,696.24,0.028034,696.24,0.0010932
699.11,3.2229,699.11,0.028226,699.11,0.0010953
701.99,3.2363,701.99,0.028417,701.99,0.0010975
704.87,3.2496,704.87,0.028606,704.87,0.0010997
707.75,3.2629,707.75,0.028794,707.75,0.0011019
710.63,3.2762,710.63,0.028981,710.63,0.0011041
713.5,3.2895,713.5,0.029167,713.5,0.0011063
716.38,3.3029,716.38,0.029352,716.38,0.0011085
719.26,3.3162,719.26,0.029535,719.26,0.0011107
722.14,3.3295,722.14,0.029718,722.14,0.0011129
725.02,3.3428,725.02,0.029899,725.02,0.0011152
727.89,3.3562,727.89,0.03008,727.89,0.0011174
730.77,3.3695,730.77,0.030259,730.77,0.0011197
733.65,3.3828,733.65,0.030438,733.65,0.0011219
736.53,3.3961,736.53,0.030616,736.53,0.0011242
739.41,3.4094,739.41,0.030793,739.41,0.0011265
742.28,3.4227,742.28,0.030969,742.28,0.0011287
745.16,3.4361,745.16,0.031144,745.16,0.001131
748.04,3.4494,748.04,0.031319,748.04,0.0011333
750.92,3.4627,750.92,0.031492,750.92,0.0011357
753.8,3.476,753.8,0.031665,753.8,0.001138
756.68,3.4893,756.68,0.031838,756.68,0.0011403
759.55,3.5026,759.55,0.032009,759.55,0.0011426
762.43,3.516,762.43,0.03218,762.43,0.001145
765.31,3.5293,765.31,0.03235,765.31,0.0011473
768.19,3.5426,768.19,0.03252,768.19,0.0011497
771.07,3.5559,771.07,0.032689,771.07,0.0011521
773.94,3.5692,773.94,0.032857,773.94,0.0011544
776.82,3.5825,776.82,0.033025,776.82,0.0011568
779.7,3.5958,779.7,0.033192,779.7,0.0011592
782.58,3.6091,782.58,0.033359,782.58,0.0011616
785.46,3.6224,785.46,0.033525,785.46,0.001164
788.33,3.6358,788.33,0.03369,788.33,0.0011664
791.21,3.6491,791.21,0.033855,791.21,0.0011689
794.09,3.6624,794.09,0.03402,794.09,0.0011713
796.97,3.6757,796.97,0.034184,796.97,0.0011737
799.85,3.689,799.85,0.034347,799.85,0.0011762
802.72,3.7023,802.72,0.03451,802.72,0.0011786
805.6,3.7156,805.6,0.034673,805.6,0.0011811
808.48,3.7289,808.48,0.034835,808.48,0.0011836
811.36,3.7422,811.36,0.034996,811.36,0.0011861
814.24,3.7555,814.24,0.035158,814.24,0.0011886
817.11,3.7688,817.11,0.035319,817.11,0.0011911
819.99,3.7822,819.99,0.035479,819.99,0.0011936
822.87,3.7955,822.87,0.035639,822.87,0.0011961
825.75,3.8088,825.75,0.035799,825.75,0.0011986
828.63,3.8221,828.63,0.035958,828.63,0.0012011
831.5,3.8354,831.5,0.036117,831.5,0.0012037
834.38,3.8487,834.38,0.036275,834.38,0.0012062
837.26,3.862,837.26,0.036433,837.26,0.0012088
840.14,3.8753,840.14,0.036591,840.14,0.0012114
843.02,3.8886,843.02,0.036749,843.02,0.0012139
845.9,3.9019,845.9,0.036906,845.9,0.0012165
848.77,3.9152,848.77,0.037062,848.77,0.0012191
851.65,3.9285,851.65,0.037219,851.65,0.0012217
854.53,3.9418,854.53,0.037375,854.53,0.0012243
857.41,3.9551,857.41,0.037531,857.41,0.0012269
860.29,3.9684,860.29,0.037686,860.29,0.0012295
863.16,3.9817,863.16,0.037842,863.16,0.0012322
866.04,3.995,866.04,0.037997,866.04,0.0012348
868.92,4.0083,868.92,0.038151,868.92,0.0012374
871.8,4.0216,871.8,0.038306,871.8,0.0012401
874.68,4.0349,874.68,0.03846,874.68,0.0012427
877.55,4.0482,877.55,0.038613,877.55,0.0012454
880.43,4.0615,880.43,0.038767,880.43,0.0012481
883.31,4.0748,883.31,0.03892,883.31,0.0012508
886.19,4.0881,886.19,0.039073,886.19,0.0012535
889.07,4.1014,889.07,0.039226,889.07,0.0012562
891.94,4.1147,891.94,0.039379,891.94,0.0012589
894.82,4.128,894.82,0.039531,894.82,0.0012616
897.7,4.1413,897.7,0.039683,897.7,0.0012643
900.58,4.1546,900.58,0.039835,900.58,0.001267
903.46,4.1679,903.46,0.039986,903.46,0.0012698
906.33,4.1812,906.33,0.040138,906.33,0.0012725
909.21,4.1945,909.21,0.040289,909.21,0.0012753
912.09,4.2078,912.09,0.04044,912.09,0.001278
914.97,4.2211,914.97,0.040591,914.97,0.0012808
917.85,4.2344,917.85,0.040741,917.85,0.0012836
920.72,4.2477,920.72,0.040891,920.72,0.0012864
923.6,4.261,923.6,0.041042,923.6,0.0012892
926.48,4.2743,926.48,0.041192,926.48,0.001292
929.36,4.2876,929.36,0.041341,929.36,0.0012948
932.24,4.3009,932.24,0.041491,932.24,0.0012976
935.12,4.3142,935.12,0.04164,935.12,0.0013004
937.99,4.3275,937.99,0.041789,937.99,0.0013032
940.87,4.3408,940.87,0.041938,940.87,0.0013061
943.75,4.3541,943.75,0.042087,943.75,0.0013089
946.63,4.3674,946.63,0.042236,946.63,0.0013118
949.51,4.3807,949.51,0.042384,949.51,0.0013146
952.38,4.394,952.38,0.042532,952.38,0.0013175
955.26,4.4073,955.26,0.04268,955.26,0.0013204
958.14,4.4206,958.14,0.042828,958.14,0.0013233
961.02,4.4339,961.02,0.042976,961.02,0.0013262
963.9,4.4472,963.9,0.043124,963.9,0.001329
966.77,4.4605,966.77,0.043271,966.77,0.001332
969.65,4.4738,969.65,0.043418,969.65,0.0013349
972.53,4.4871,972.53,0.043566,972.53,0.0013378
975.41,4.5004,975.41,0.043713,975.41,0.0013407
978.29,4.5137,978.29,0.043859,978.29,0.0013436
981.16,4.527,981.16,0.044006,981.16,0.0013466
984.04,4.5403,984.04,0.044153,984.04,0.0013495
986.92,4.5536,986.92,0.044299,986.92,0.0013525
989.8,4.5669,989.8,0.044445,989.8,0.0013554
992.68,4.5802,992.68,0.044591,992.68,0.0013584
995.55,4.5935,995.55,0.044737,995.55,0.0013614
998.43,4.6068,998.43,0.044883,998.43,0.0013644
1001.3,4.6201,1001.3,0.045029,1001.3,0.0013673
1004.2,4.6334,1004.2,0.045175,1004.2,0.0013703
1007.1,4.6467,1007.1,0.04532,1007.1,0.0013733
1009.9,4.6599,1009.9,0.045465,1009.9,0.0013763
1012.8,4.6732,1012.8,0.045611,1012.8,0.0013794
1015.7,4.6865,1015.7,0.045756,1015.7,0.0013824
1018.6,4.6998,1018.6,0.045901,1018.6,0.0013854
1021.5,4.7131,1021.5,0.046046,1021.5,0.0013884
1024.3,4.7264,1024.3,0.04619,1024.3,0.0013915
1027.2,4.7397,1027.2,0.046335,1027.2,0.0013945
1030.1,4.753,1030.1,0.04648,1030.1,0.0013976
1033,4.7663,1033,0.046624,1033,0.0014006
1035.8,4.7796,1035.8,0.046768,1035.8,0.0014037
1038.7,4.7929,1038.7,0.046912,1038.7,0.0014068
1041.6,4.8062,1041.6,0.047056,1041.6,0.0014099
1044.5,4.8195,1044.5,0.0472,1044.5,0.0014129
1047.4,4.8328,1047.4,0.047344,1047.4,0.001416
1050.2,4.8461,1050.2,0.047488,1050.2,0.0014191
1053.1,4.8594,1053.1,0.047632,1053.1,0.0014222
1056,4.8726,1056,0.047775,1056,0.0014253
1058.9,4.8859,1058.9,0.047919,1058.9,0.0014285
1061.8,4.8992,1061.8,0.048062,1061.8,0.0014316
1064.6,4.9125,1064.6,0.048205,1064.6,0.0014347
1067.5,4.9258,1067.5,0.048349,1067.5,0.0014378
1070.4,4.9391,1070.4,0.048492,1070.4,0.001441
1073.3,4.9524,1073.3,0.048635,1073.3,0.0014441
1076.1,4.9657,1076.1,0.048777,1076.1,0.0014473
1079,4.979,1079,0.04892,1079,0.0014504
1081.9,4.9923,1081.9,0.049063,1081.9,0.0014536
1084.8,5.0056,1084.8,0.049206,1084.8,0.0014567
1087.7,5.0189,1087.7,0.049348,1087.7,0.0014599
1090.5,5.0322,1090.5,0.049491,1090.5,0.0014631
1093.4,5.0455,1093.4,0.049633,1093.4,0.0014663
1096.3,5.0587,1096.3,0.049775,1096.3,0.0014694
1099.2,5.072,1099.2,0.049917,1099.2,0.0014726
1102,5.0853,1102,0.050059,1102,0.0014758
1104.9,5.0986,1104.9,0.050201,1104.9,0.001479
1107.8,5.1119,1107.8,0.050343,1107.8,0.0014822
1110.7,5.1252,1110.7,0.050485,1110.7,0.0014854
1113.6,5.1385,1113.6,0.050627,1113.6,0.0014886
1116.4,5.1518,1116.4,0.050769,1116.4,0.0014919
1119.3,5.1651,1119.3,0.05091,1119.3,0.0014951
1122.2,5.1784,1122.2,0.051052,1122.2,0.0014983
1125.1,5.1917,1125.1,0.051193,1125.1,0.0015015
1127.9,5.205,1127.9,0.051335,1127.9,0.0015048
1130.8,5.2182,1130.8,0.051476,1130.8,0.001508
1133.7,5.2315,1133.7,0.051617,1133.7,0.0015113
1136.6,5.2448,1136.6,0.051759,1136.6,0.0015145
1139.5,5.2581,1139.5,0.0519,1139.5,0.0015178
1142.3,5.2714,1142.3,0.052041,1142.3,0.001521
1145.2,5.2847,1145.2,0.052182,1145.2,0.0015243
1148.1,5.298,1148.1,0.052323,1148.1,0.0015275
1151,5.3113,1151,0.052464,1151,0.0015308
1153.8,5.3246,1153.8,0.052604,1153.8,0.0015341
1156.7,5.3379,1156.7,0.052745,1156.7,0.0015374
1159.6,5.3512,1159.6,0.052886,1159.6,0.0015406
1162.5,5.3644,1162.5,0.053026,1162.5,0.0015439
1165.4,5.3777,1165.4,0.053167,1165.4,0.0015472
1168.2,5.391,1168.2,0.053307,1168.2,0.0015505
1171.1,5.4043,1171.1,0.053448,1171.1,0.0015538
1174,5.4176,1174,0.053588,1174,0.0015571
1176.9,5.4309,1176.9,0.053728,1176.9,0.0015604
1179.8,5.4442,1179.8,0.053869,1179.8,0.0015637
1182.6,5.4575,1182.6,0.054009,1182.6,0.001567
1185.5,5.4708,1185.5,0.054149,1185.5,0.0015703
1188.4,5.4841,1188.4,0.054289,1188.4,0.0015736
1191.3,5.4973,1191.3,0.054429,1191.3,0.0015769
1194.1,5.5106,1194.1,0.054569,1194.1,0.0015802
1197,5.5239,1197,0.054709,1197,0.0015835
1199.9,5.5372,1199.9,0.054849,1199.9,0.0015869
1202.8,5.5505,1202.8,0.054988,1202.8,0.0015902
1205.7,5.5638,1205.7,0.055128,1205.7,0.0015935
1208.5,5.5771,1208.5,0.055268,1208.5,0.0015968
1211.4,5.5904,1211.4,0.055407,1211.4,0.0016002
1214.3,5.6037,1214.3,0.055547,1214.3,0.0016035
1217.2,5.6169,1217.2,0.055686,1217.2,0.0016068
1220,5.6302,1220,0.055826,1220,0.0016102
1222.9,5.6435,1222.9,0.055965,1222.9,0.0016135
1225.8,5.6568,1225.8,0.056105,1225.8,0.0016169
1228.7,5.6701,1228.7,0.056244,1228.7,0.0016202
1231.6,5.6834,1231.6,0.056383,1231.6,0.0016236
1234.4,5.6967,1234.4,0.056522,1234.4,0.0016269
1237.3,5.71,1237.3,0.056661,1237.3,0.0016303
1240.2,5.7233,1240.2,0.056801,1240.2,0.0016336
1243.1,5.7366,1243.1,0.05694,1243.1,0.001637
1245.9,5.7498,1245.9,0.057079,1245.9,0.0016403
1248.8,5.7631,1248.8,0.057218,1248.8,0.0016437
1251.7,5.7764,1251.7,0.057357,1251.7,0.001647
1254.6,5.7897,1254.6,0.057495,1254.6,0.0016504
1257.5,5.803,1257.5,0.057634,1257.5,0.0016537
1260.3,5.8163,1260.3,0.057773,1260.3,0.0016571
1263.2,5.8296,1263.2,0.057912,1263.2,0.0016605
1266.1,5.8429,1266.1,0.058051,1266.1,0.0016638
1269,5.8562,1269,0.058189,1269,0.0016672
1271.8,5.8694,1271.8,0.058328,1271.8,0.0016706
1274.7,5.8827,1274.7,0.058466,1274.7,0.0016739
1277.6,5.896,1277.6,0.058605,1277.6,0.0016773
1280.5,5.9093,1280.5,0.058743,1280.5,0.0016807
1283.4,5.9226,1283.4,0.058882,1283.4,0.001684
1286.2,5.9359,1286.2,0.05902,1286.2,0.0016874
1289.1,5.9492,1289.1,0.059159,1289.1,0.0016908
1292,5.9625,1292,0.059297,1292,0.0016941
1294.9,5.9757,1294.9,0.059435,1294.9,0.0016975
1297.8,5.989,1297.8,0.059574,1297.8,0.0017009
1300.6,6.0023,1300.6,0.059712,1300.6,0.0017042
1303.5,6.0156,1303.5,0.05985,1303.5,0.0017076
1306.4,6.0289,1306.4,0.059988,1306.4,0.001711
1309.3,6.0422,1309.3,0.060126,1309.3,0.0017144
1312.1,6.0555,1312.1,0.060264,1312.1,0.0017177
1315,6.0688,1315,0.060402,1315,0.0017211
1317.9,6.0821,1317.9,0.06054,1317.9,0.0017245
1320.8,6.0953,1320.8,0.060678,1320.8,0.0017279
1323.7,6.1086,1323.7,0.060816,1323.7,0.0017312
1326.5,6.1219,1326.5,0.060954,1326.5,0.0017346
1329.4,6.1352,1329.4,0.061092,1329.4,0.001738
1332.3,6.1485,1332.3,0.06123,1332.3,0.0017414
1335.2,6.1618,1335.2,0.061367,1335.2,0.0017447
1338,6.1751,1338,0.061505,1338,0.0017481
1340.9,6.1884,1340.9,0.061643,1340.9,0.0017515
1343.8,6.2016,1343.8,0.061781,1343.8,0.0017549
1346.7,6.2149,1346.7,0.061918,1346.7,0.0017582
1349.6,6.2282,1349.6,0.062056,1349.6,0.0017616
1352.4,6.2415,1352.4,0.062193,1352.4,0.001765
1355.3,6.2548,1355.3,0.062331,1355.3,0.0017683
1358.2,6.2681,1358.2,0.062468,1358.2,0.0017717
1361.1,6.2814,1361.1,0.062606,1361.1,0.0017751
1363.9,6.2947,1363.9,0.062743,1363.9,0.0017785
1366.8,6.3079,1366.8,0.062881,1366.8,0.0017818
1369.7,6.3212,1369.7,0.063018,1369.7,0.0017852
1372.6,6.3345,1372.6,0.063156,1372.6,0.0017886
1375.5,6.3478,1375.5,0.063293,1375.5,0.0017919
1378.3,6.3611,1378.3,0.06343,1378.3,0.0017953
1381.2,6.3744,1381.2,0.063567,1381.2,0.0017987
1384.1,6.3877,1384.1,0.063705,1384.1,0.001802
1387,6.401,1387,0.063842,1387,0.0018054
1389.8,6.4142,1389.8,0.063979,1389.8,0.0018088
1392.7,6.4275,1392.7,0.064116,1392.7,0.0018121
1395.6,6.4408,1395.6,0.064253,1395.6,0.0018155
1398.5,6.4541,1398.5,0.064391,1398.5,0.0018189
1401.4,6.4674,1401.4,0.064528,1401.4,0.0018222
1404.2,6.4807,1404.2,0.064665,1404.2,0.0018256
1407.1,6.494,1407.1,0.064802,1407.1,0.0018289
1410,6.5072,1410,0.064939,1410,0.0018323
1412.9,6.5205,1412.9,0.065076,1412.9,0.0018357
1415.8,6.5338,1415.8,0.065213,1415.8,0.001839
1418.6,6.5471,1418.6,0.065349,1418.6,0.0018424
1421.5,6.5604,1421.5,0.065486,1421.5,0.0018457
1424.4,6.5737,1424.4,0.065623,1424.4,0.0018491
1427.3,6.587,1427.3,0.06576,1427.3,0.0018524
1430.1,6.6003,1430.1,0.065897,1430.1,0.0018558
1433,6.6135,1433,0.066034,1433,0.0018591
1435.9,6.6268,1435.9,0.06617,1435.9,0.0018625
1438.8,6.6401,1438.8,0.066307,1438.8,0.0018658
1441.7,6.6534,1441.7,0.066444,1441.7,0.0018692
1444.5,6.6667,1444.5,0.06658,1444.5,0.0018725
1447.4,6.68,1447.4,0.066717,1447.4,0.0018759
1450.3,6.6933,1450.3,0.066854,1450.3,0.0018792
1453.2,6.7065,1453.2,0.06699,1453.2,0.0018826
1456,6.7198,1456,0.067127,1456,0.0018859
1458.9,6.7331,1458.9,0.067264,1458.9,0.0018892
1461.8,6.7464,1461.8,0.0674,1461.8,0.0018926
1464.7,6.7597,1464.7,0.067537,1464.7,0.0018959
1467.6,6.773,1467.6,0.067673,1467.6,0.0018993
1470.4,6.7863,1470.4,0.06781,1470.4,0.0019026
1473.3,6.7996,1473.3,0.067946,1473.3,0.0019059
1476.2,6.8128,1476.2,0.068082,1476.2,0.0019093
1479.1,6.8261,1479.1,0.068219,1479.1,0.0019126
1481.9,6.8394,1481.9,0.068355,1481.9,0.0019159
1484.8,6.8527,1484.8,0.068492,1484.8,0.0019192
1487.7,6.866,1487.7,0.068628,1487.7,0.0019226
1490.6,6.8793,1490.6,0.068764,1490.6,0.0019259
1493.5,6.8926,1493.5,0.068901,1493.5,0.0019292
1496.3,6.9058,1496.3,0.069037,1496.3,0.0019325
1499.2,6.9191,1499.2,0.069173,1499.2,0.0019359
1502.1,6.9324,1502.1,0.069309,1502.1,0.0019392
1505,6.9457,1505,0.069445,1505,0.0019425
1507.9,6.959,1507.9,0.069582,1507.9,0.0019458
1510.7,6.9723,1510.7,0.069718,1510.7,0.0019491
1513.6,6.9856,1513.6,0.069854,1513.6,0.0019524
1516.5,6.9988,1516.5,0.06999,1516.5,0.0019557
1519.4,7.0121,1519.4,0.070126,1519.4,0.001959
1522.2,7.0254,1522.2,0.070262,1522.2,0.0019624
1525.1,7.0387,1525.1,0.070398,1525.1,0.0019657
1528,7.052,1528,0.070534,1528,0.001969
1530.9,7.0653,1530.9,0.07067,1530.9,0.0019723
1533.8,7.0786,1533.8,0.070807,1533.8,0.0019756
1536.6,7.0919,1536.6,0.070943,1536.6,0.0019789
1539.5,7.1051,1539.5,0.071078,1539.5,0.0019822
1542.4,7.1184,1542.4,0.071214,1542.4,0.0019855
1545.3,7.1317,1545.3,0.07135,1545.3,0.0019888
1548.1,7.145,1548.1,0.071486,1548.1,0.001992
1551,7.1583,1551,0.071622,1551,0.0019953
1553.9,7.1716,1553.9,0.071758,1553.9,0.0019986
1556.8,7.1849,1556.8,0.071894,1556.8,0.0020019
1559.7,7.1981,1559.7,0.07203,1559.7,0.0020052
1562.5,7.2114,1562.5,0.072166,1562.5,0.0020085
1565.4,7.2247,1565.4,0.072301,1565.4,0.0020118
1568.3,7.238,1568.3,0.072437,1568.3,0.002015
1571.2,7.2513,1571.2,0.072573,1571.2,0.0020183
1574,7.2646,1574,0.072709,1574,0.0020216
1576.9,7.2779,1576.9,0.072845,1576.9,0.0020249
1579.8,7.2911,1579.8,0.07298,1579.8,0.0020282
1582.7,7.3044,1582.7,0.073116,1582.7,0.0020314
1585.6,7.3177,1585.6,0.073252,1585.6,0.0020347
1588.4,7.331,1588.4,0.073387,1588.4,0.002038
1591.3,7.3443,1591.3,0.073523,1591.3,0.0020412
1594.2,7.3576,1594.2,0.073659,1594.2,0.0020445
1597.1,7.3709,1597.1,0.073794,1597.1,0.0020478
1599.9,7.3841,1599.9,0.07393,1599.9,0.002051
1602.8,7.3974,1602.8,0.074066,1602.8,0.0020543
1605.7,7.4107,1605.7,0.074201,1605.7,0.0020575
1608.6,7.424,1608.6,0.074337,1608.6,0.0020608
1611.5,7.4373,1611.5,0.074472,1611.5,0.0020641
1614.3,7.4506,1614.3,0.074608,1614.3,0.0020673
1617.2,7.4639,1617.2,0.074743,1617.2,0.0020706
1620.1,7.4771,1620.1,0.074879,1620.1,0.0020738
1623,7.4904,1623,0.075014,1623,0.0020771
1625.9,7.5037,1625.9,0.07515,1625.9,0.0020803
1628.7,7.517,1628.7,0.075285,1628.7,0.0020836
1631.6,7.5303,1631.6,0.075421,1631.6,0.0020868
1634.5,7.5436,1634.5,0.075556,1634.5,0.00209
1637.4,7.5568,1637.4,0.075692,1637.4,0.0020933
1640.2,7.5701,1640.2,0.075827,1640.2,0.0020965
1643.1,7.5834,1643.1,0.075962,1643.1,0.0020998
1646,7.5967,1646,0.076098,1646,0.002103
1648.9,7.61,1648.9,0.076233,1648.9,0.0021062
1651.8,7.6233,1651.8,0.076368,1651.8,0.0021095
1654.6,7.6366,1654.6,0.076504,1654.6,0.0021127
1657.5,7.6498,1657.5,0.076639,1657.5,0.0021159
1660.4,7.6631,1660.4,0.076774,1660.4,0.0021191
1663.3,7.6764,1663.3,0.07691,1663.3,0.0021224
1666.1,7.6897,1666.1,0.077045,1666.1,0.0021256
1669,7.703,1669,0.07718,1669,0.0021288
1671.9,7.7163,1671.9,0.077315,1671.9,0.002132
1674.8,7.7296,1674.8,0.077451,1674.8,0.0021352
1677.7,7.7428,1677.7,0.077586,1677.7,0.0021385
1680.5,7.7561,1680.5,0.077721,1680.5,0.0021417
1683.4,7.7694,1683.4,0.077856,1683.4,0.0021449
1686.3,7.7827,1686.3,0.077992,1686.3,0.0021481
1689.2,7.796,1689.2,0.078127,1689.2,0.0021513
1692,7.8093,1692,0.078262,1692,0.0021545
1694.9,7.8226,1694.9,0.078397,1694.9,0.0021577
1697.8,7.8358,1697.8,0.078532,1697.8,0.0021609
1700.7,7.8491,1700.7,0.078667,1700.7,0.0021641
1703.6,7.8624,1703.6,0.078802,1703.6,0.0021673
1706.4,7.8757,1706.4,0.078937,1706.4,0.0021705
1709.3,7.889,1709.3,0.079073,1709.3,0.0021737
1712.2,7.9023,1712.2,0.079208,1712.2,0.0021769
1715.1,7.9155,1715.1,0.079343,1715.1,0.0021801
1717.9,7.9288,1717.9,0.079478,1717.9,0.0021833
1720.8,7.9421,1720.8,0.079613,1720.8,0.0021865
1723.7,7.9554,1723.7,0.079748,1723.7,0.0021897
1726.6,7.9687,1726.6,0.079883,1726.6,0.0021929
1729.5,7.982,1729.5,0.080018,1729.5,0.0021961
1732.3,7.9953,1732.3,0.080153,1732.3,0.0021992
1735.2,8.0085,1735.2,0.080288,1735.2,0.0022024
1738.1,8.0218,1738.1,0.080423,1738.1,0.0022056
1741,8.0351,1741,0.080558,1741,0.0022088
1743.9,8.0484,1743.9,0.080693,1743.9,0.002212
1746.7,8.0617,1746.7,0.080828,1746.7,0.0022151
1749.6,8.075,1749.6,0.080963,1749.6,0.0022183
1752.5,8.0883,1752.5,0.081097,1752.5,0.0022215
1755.4,8.1015,1755.4,0.081232,1755.4,0.0022246
1758.2,8.1148,1758.2,0.081367,1758.2,0.0022278
1761.1,8.1281,1761.1,0.081502,1761.1,0.002231
1764,8.1414,1764,0.081637,1764,0.0022342
1766.9,8.1547,1766.9,0.081772,1766.9,0.0022373
1769.8,8.168,1769.8,0.081907,1769.8,0.0022405
1772.6,8.1812,1772.6,0.082042,1772.6,0.0022436
1775.5,8.1945,1775.5,0.082176,1775.5,0.0022468
1778.4,8.2078,1778.4,0.082311,1778.4,0.00225
1781.3,8.2211,1781.3,0.082446,1781.3,0.0022531
1784.1,8.2344,1784.1,0.082581,1784.1,0.0022563
1787,8.2477,1787,0.082716,1787,0.0022594
1789.9,8.261,1789.9,0.08285,1789.9,0.0022626
1792.8,8.2742,1792.8,0.082985,1792.8,0.0022657
1795.7,8.2875,1795.7,0.08312,1795.7,0.0022689
1798.5,8.3008,1798.5,0.083255,1798.5,0.002272
1801.4,8.3141,1801.4,0.083389,1801.4,0.0022752
1804.3,8.3274,1804.3,0.083524,1804.3,0.0022783
1807.2,8.3407,1807.2,0.083659,1807.2,0.0022814
1810,8.3539,1810,0.083794,1810,0.0022846
1812.9,8.3672,1812.9,0.083928,1812.9,0.0022877
1815.8,8.3805,1815.8,0.084063,1815.8,0.0022909
1818.7,8.3938,1818.7,0.084198,1818.7,0.002294
1821.6,8.4071,1821.6,0.084332,1821.6,0.0022971
1824.4,8.4204,1824.4,0.084467,1824.4,0.0023003
1827.3,8.4337,1827.3,0.084602,1827.3,0.0023034
1830.2,8.4469,1830.2,0.084736,1830.2,0.0023065
1833.1,8.4602,1833.1,0.084871,1833.1,0.0023096
1836,8.4735,1836,0.085006,1836,0.0023128
1838.8,8.4868,1838.8,0.08514,1838.8,0.0023159
1841.7,8.5001,1841.7,0.085275,1841.7,0.002319
1844.6,8.5134,1844.6,0.085409,1844.6,0.0023221
1847.5,8.5266,1847.5,0.085544,1847.5,0.0023253
1850.3,8.5399,1850.3,0.085679,1850.3,0.0023284
1853.2,8.5532,1853.2,0.085813,1853.2,0.0023315
1856.1,8.5665,1856.1,0.085948,1856.1,0.0023346
1859,8.5798,1859,0.086082,1859,0.0023377
1861.9,8.5931,1861.9,0.086217,1861.9,0.0023408
1864.7,8.6064,1864.7,0.086351,1864.7,0.002344
1867.6,8.6196,1867.6,0.086486,1867.6,0.0023471
1870.5,8.6329,1870.5,0.08662,1870.5,0.0023502
1873.4,8.6462,1873.4,0.086755,1873.4,0.0023533
1876.2,8.6595,1876.2,0.086889,1876.2,0.0023564
1879.1,8.6728,1879.1,0.087024,1879.1,0.0023595
1882,8.6861,1882,0.087158,1882,0.0023626
1884.9,8.6993,1884.9,0.087293,1884.9,0.0023657
1887.8,8.7126,1887.8,0.087427,1887.8,0.0023688
1890.6,8.7259,1890.6,0.087562,1890.6,0.0023719
1893.5,8.7392,1893.5,0.087696,1893.5,0.002375
1896.4,8.7525,1896.4,0.087831,1896.4,0.0023781
1899.3,8.7658,1899.3,0.087965,1899.3,0.0023812
1902.1,8.7791,1902.1,0.0881,1902.1,0.0023843
1905,8.7923,1905,0.088234,1905,0.0023874
1907.9,8.8056,1907.9,0.088368,1907.9,0.0023904
1910.8,8.8189,1910.8,0.088503,1910.8,0.0023935
1913.7,8.8322,1913.7,0.088637,1913.7,0.0023966
1916.5,8.8455,1916.5,0.088772,1916.5,0.0023997
1919.4,8.8588,1919.4,0.088906,1919.4,0.0024028
1922.3,8.872,1922.3,0.08904,1922.3,0.0024059
1925.2,8.8853,1925.2,0.089175,1925.2,0.002409
1928,8.8986,1928,0.089309,1928,0.002412
1930.9,8.9119,1930.9,0.089443,1930.9,0.0024151
1933.8,8.9252,1933.8,0.089578,1933.8,0.0024182
1936.7,8.9385,1936.7,0.089712,1936.7,0.0024213
1939.6,8.9518,1939.6,0.089846,1939.6,0.0024243
1942.4,8.965,1942.4,0.089981,1942.4,0.0024274
1945.3,8.9783,1945.3,0.090115,1945.3,0.0024305
1948.2,8.9916,1948.2,0.090249,1948.2,0.0024336
1951.1,9.0049,1951.1,0.090384,1951.1,0.0024366
1954,9.0182,1954,0.090518,1954,0.0024397
1956.8,9.0315,1956.8,0.090652,1956.8,0.0024428
1959.7,9.0447,1959.7,0.090787,1959.7,0.0024458
1962.6,9.058,1962.6,0.090921,1962.6,0.0024489
1965.5,9.0713,1965.5,0.091055,1965.5,0.0024519
1968.3,9.0846,1968.3,0.091189,1968.3,0.002455
1971.2,9.0979,1971.2,0.091324,1971.2,0.0024581
1974.1,9.1112,1974.1,0.091458,1974.1,0.0024611
1977,9.1244,1977,0.091592,1977,0.0024642
1979.9,9.1377,1979.9,0.091726,1979.9,0.0024672
1982.7,9.151,1982.7,0.091861,1982.7,0.0024703
1985.6,9.1643,1985.6,0.091995,1985.6,0.0024733
1988.5,9.1776,1988.5,0.092129,1988.5,0.0024764
1991.4,9.1909,1991.4,0.092263,1991.4,0.0024794
1994.2,9.2042,1994.2,0.092397,1994.2,0.0024825
1997.1,9.2174,1997.1,0.092532,1997.1,0.0024794
2000,9.2307,2000,0.092666,2000,0.0024825
